Event_ID,Case,EDF_File,Seizure_Duration_Seconds,Ictal_Segment_Count,Correct_Ictal_Segments,Event_Ictal_Sensitivity,Mean_Ictal_Probability
chb10_event_001,chb10,chb10_12.edf,35.0,8,5,0.625,0.658170911599882
chb10_event_002,chb10,chb10_20.edf,70.0,17,16,0.9411764705882353,0.922081867013784
chb10_event_003,chb10,chb10_27.edf,65.0,16,15,0.9375,0.9346502750067884
chb10_event_004,chb10,chb10_30.edf,58.0,14,9,0.6428571428571429,0.6724896184833986
chb10_event_005,chb10,chb10_31.edf,76.0,19,17,0.8947368421052632,0.8755971877345521
chb10_event_006,chb10,chb10_38.edf,89.0,22,17,0.7727272727272727,0.8215085024183447
chb10_event_007,chb10,chb10_89.edf,54.0,13,10,0.7692307692307693,0.779343008207014
chb11_event_001,chb11,chb11_82.edf,22.0,5,5,1.0,0.9993215560913086
chb11_event_002,chb11,chb11_92.edf,32.0,8,7,0.875,0.8805963536724448
chb11_event_003,chb11,chb11_99.edf,752.0,188,176,0.9361702127659575,0.9302416407212769
chb12_event_001,chb12,chb12_06.edf,61.0,15,10,0.6666666666666666,0.6579180177145948
chb12_event_002,chb12,chb12_06.edf,32.0,8,3,0.375,0.2982846139930188
chb12_event_003,chb12,chb12_08.edf,13.0,3,0,0.0,0.0024659518385305667
chb12_event_004,chb12,chb12_08.edf,23.0,5,0,0.0,0.01905795275233682
chb12_event_005,chb12,chb12_08.edf,20.0,5,0,0.0,0.01953773535788054
chb12_event_006,chb12,chb12_08.edf,26.0,6,0,0.0,0.08472338475985447
chb12_event_007,chb12,chb12_09.edf,32.0,8,2,0.25,0.30134531238581985
chb12_event_008,chb12,chb12_09.edf,32.0,8,1,0.125,0.10325332346837963
chb12_event_009,chb12,chb12_10.edf,32.0,8,1,0.125,0.12643181927705877
chb12_event_010,chb12,chb12_10.edf,45.0,11,2,0.18181818181818182,0.22414706492881198
chb12_event_011,chb12,chb12_11.edf,37.0,9,3,0.3333333333333333,0.3567500832982154
chb12_event_012,chb12,chb12_23.edf,80.0,20,7,0.35,0.3656300837756134
chb12_event_014,chb12,chb12_23.edf,40.0,10,4,0.4,0.422506589256227
chb12_event_028,chb12,chb12_33.edf,21.0,5,2,0.4,0.44142856895923616
chb12_event_029,chb12,chb12_33.edf,23.0,5,2,0.4,0.3094682455062866
chb12_event_030,chb12,chb12_36.edf,27.0,6,0,0.0,0.009455275673341567
chb12_event_031,chb12,chb12_38.edf,25.0,6,1,0.16666666666666666,0.32577499607577914
chb12_event_032,chb12,chb12_38.edf,23.0,5,0,0.0,0.037610986037179786
chb12_event_033,chb12,chb12_38.edf,43.0,10,4,0.4,0.4106823330395855
chb12_event_034,chb12,chb12_38.edf,55.0,13,4,0.3076923076923077,0.328180692924294
chb12_event_035,chb12,chb12_38.edf,46.0,11,4,0.36363636363636365,0.3915277750083161
chb12_event_036,chb12,chb12_42.edf,51.0,12,4,0.3333333333333333,0.3334376953328804
chb12_event_037,chb12,chb12_42.edf,28.0,7,1,0.14285714285714285,0.20639335204448014
chb12_event_038,chb12,chb12_42.edf,29.0,7,1,0.14285714285714285,0.1757905768629695
chb12_event_039,chb12,chb12_42.edf,25.0,6,2,0.3333333333333333,0.3319613723627602
chb12_event_040,chb12,chb12_42.edf,23.0,5,1,0.2,0.23284219251945615
