Row_Type,Dataset,Experiment_ID,Participant,Run,Task,Negative_Class,Positive_Class,Split_Method,Training_Cases,Testing_Cases,Seed,Negative_Test_Count,Positive_Test_Count,Test_Samples,Threshold,Accuracy,Accuracy_Percent,Always_Negative_Accuracy,Precision,Sensitivity,Specificity,F1,AP,ROC_AUC,True_Negative,False_Positive,False_Negative,True_Positive,Participant_Mean_Accuracy,Participant_SD_Accuracy,Metrics_Note
CHB-MIT experiment,CHB-MIT,CHB_CSV_BASELINE,NA,NA,Preictal vs ictal,Preictal,Ictal,Original random 75/25 segment-level split,Mixed original CSV segments,Mixed original CSV segments,1111,263,249,512,0.5,0.947265625,94.7265625,0.513671875,0.926923076923077,0.9678714859437751,0.9277566539923955,0.9469548133595284,0.9832972222137712,0.9839357429718876,244,19,8,241,NA,NA,"The source file uses nonseizure/seizure column names, but the two original CSV files represent preictal and ictal classes. AP is the saved PR_AUC value. This random segment-level result is not directly comparable with patient-wise raw-EDF results."
CHB-MIT experiment,CHB-MIT,CHB_RAW_DETECTION,NA,NA,All nonseizure vs ictal,Nonseizure,Ictal,Patient-wise: chb01-chb09 training; chb10-chb12 testing,chb01-chb09,chb10-chb12,1111,94358,592,94950,0.5,0.9385676671932596,93.85676671932596,0.9937651395471301,0.05395744680851064,0.535472972972973,0.9410966743678332,0.098036183701871,0.2603227176302134,0.7957607040580927,88800,5558,275,317,NA,NA,Naturally imbalanced test set. Accuracy is misleading because always predicting nonseizure produces higher accuracy. AP is the saved PR_AUC value.
CHB-MIT experiment,CHB-MIT,CHB_RAW_MATCHED_CLASSES,NA,NA,Event-matched preictal vs ictal,Preictal,Ictal,Patient-wise: chb01-chb09 training; chb10-chb12 testing,chb01-chb09,chb10-chb12,1111,524,524,1048,0.5,0.7557251908396947,75.57251908396947,0.5,0.8316831683168316,0.6412213740458015,0.8702290076335878,0.7241379310344828,0.8627615685233275,0.834149743604685,456,68,188,336,NA,NA,"Preictal is the interval immediately before each seizure, matched to that seizure's duration using complete four-second segments. The test set was deliberately balanced. AP is the saved PR_AUC value."
UPenn/Mayo participant run,UPenn/Mayo,UPENN_Dog_1_RUN_01,Dog_1,1,Original participant-specific binary seizure classification,Interictal,"Ictal, following the original reproduction terminology",Original participant-specific random segment-level split,Dog_1,Dog_1,NA,NA,NA,NA,NA,0.946309,94.6309,NA,NA,NA,NA,NA,NA,NA,NA,NA,NA,NA,0.96443,0.006367,"Only final test accuracy was verified from the saved run output. Class counts, threshold, seed, F1, AP, ROC-AUC, precision, sensitivity, specificity, and confusion-matrix counts are unavailable and are reported as NA. This is not a held-out-patient evaluation."
UPenn/Mayo participant run,UPenn/Mayo,UPENN_Dog_2_RUN_01,Dog_2,1,Original participant-specific binary seizure classification,Interictal,"Ictal, following the original reproduction terminology",Original participant-specific random segment-level split,Dog_2,Dog_2,NA,NA,NA,NA,NA,0.960606,96.0606,NA,NA,NA,NA,NA,NA,NA,NA,NA,NA,NA,0.9824240000000001,0.007665999999999999,"Only final test accuracy was verified from the saved run output. Class counts, threshold, seed, F1, AP, ROC-AUC, precision, sensitivity, specificity, and confusion-matrix counts are unavailable and are reported as NA. This is not a held-out-patient evaluation."
UPenn/Mayo participant run,UPenn/Mayo,UPENN_Dog_3_RUN_01,Dog_3,1,Original participant-specific binary seizure classification,Interictal,"Ictal, following the original reproduction terminology",Original participant-specific random segment-level split,Dog_3,Dog_3,NA,NA,NA,NA,NA,0.992366,99.2366,NA,NA,NA,NA,NA,NA,NA,NA,NA,NA,NA,0.986871,0.001931,"Only final test accuracy was verified from the saved run output. Class counts, threshold, seed, F1, AP, ROC-AUC, precision, sensitivity, specificity, and confusion-matrix counts are unavailable and are reported as NA. This is not a held-out-patient evaluation."
UPenn/Mayo participant run,UPenn/Mayo,UPENN_Dog_4_RUN_01,Dog_4,1,Original participant-specific binary seizure classification,Interictal,"Ictal, following the original reproduction terminology",Original participant-specific random segment-level split,Dog_4,Dog_4,NA,NA,NA,NA,NA,0.9895010000000001,98.9501,NA,NA,NA,NA,NA,NA,NA,NA,NA,NA,NA,0.983596,0.002075,"Only final test accuracy was verified from the saved run output. Class counts, threshold, seed, F1, AP, ROC-AUC, precision, sensitivity, specificity, and confusion-matrix counts are unavailable and are reported as NA. This is not a held-out-patient evaluation."
UPenn/Mayo participant run,UPenn/Mayo,UPENN_Patient_1_RUN_01,Patient_1,1,Original participant-specific binary seizure classification,Interictal,"Ictal, following the original reproduction terminology",Original participant-specific random segment-level split,Patient_1,Patient_1,NA,NA,NA,NA,NA,0.590909,59.0909,NA,NA,NA,NA,NA,NA,NA,NA,NA,NA,NA,0.590909,0.0,"Only final test accuracy was verified from the saved run output. Class counts, threshold, seed, F1, AP, ROC-AUC, precision, sensitivity, specificity, and confusion-matrix counts are unavailable and are reported as NA. This is not a held-out-patient evaluation."
UPenn/Mayo participant run,UPenn/Mayo,UPENN_Patient_2_RUN_01,Patient_2,1,Original participant-specific binary seizure classification,Interictal,"Ictal, following the original reproduction terminology",Original participant-specific random segment-level split,Patient_2,Patient_2,NA,NA,NA,NA,NA,0.993639,99.3639,NA,NA,NA,NA,NA,NA,NA,NA,NA,NA,NA,0.995929,0.000804,"Only final test accuracy was verified from the saved run output. Class counts, threshold, seed, F1, AP, ROC-AUC, precision, sensitivity, specificity, and confusion-matrix counts are unavailable and are reported as NA. This is not a held-out-patient evaluation."
UPenn/Mayo participant run,UPenn/Mayo,UPENN_Patient_3_RUN_01,Patient_3,1,Original participant-specific binary seizure classification,Interictal,"Ictal, following the original reproduction terminology",Original participant-specific random segment-level split,Patient_3,Patient_3,NA,NA,NA,NA,NA,0.8735630000000001,87.3563,NA,NA,NA,NA,NA,NA,NA,NA,NA,NA,NA,0.910345,0.019386,"Only final test accuracy was verified from the saved run output. Class counts, threshold, seed, F1, AP, ROC-AUC, precision, sensitivity, specificity, and confusion-matrix counts are unavailable and are reported as NA. This is not a held-out-patient evaluation."
UPenn/Mayo participant run,UPenn/Mayo,UPENN_Patient_4_RUN_01,Patient_4,1,Original participant-specific binary seizure classification,Interictal,"Ictal, following the original reproduction terminology",Original participant-specific random segment-level split,Patient_4,Patient_4,NA,NA,NA,NA,NA,0.8867919999999999,88.6792,NA,NA,NA,NA,NA,NA,NA,NA,NA,NA,NA,0.871698,0.007955,"Only final test accuracy was verified from the saved run output. Class counts, threshold, seed, F1, AP, ROC-AUC, precision, sensitivity, specificity, and confusion-matrix counts are unavailable and are reported as NA. This is not a held-out-patient evaluation."
UPenn/Mayo participant run,UPenn/Mayo,UPENN_Patient_5_RUN_01,Patient_5,1,Original participant-specific binary seizure classification,Interictal,"Ictal, following the original reproduction terminology",Original participant-specific random segment-level split,Patient_5,Patient_5,NA,NA,NA,NA,NA,0.982533,98.2533,NA,NA,NA,NA,NA,NA,NA,NA,NA,NA,NA,0.9790389999999999,0.0018410000000000002,"Only final test accuracy was verified from the saved run output. Class counts, threshold, seed, F1, AP, ROC-AUC, precision, sensitivity, specificity, and confusion-matrix counts are unavailable and are reported as NA. This is not a held-out-patient evaluation."
UPenn/Mayo participant run,UPenn/Mayo,UPENN_Patient_6_RUN_01,Patient_6,1,Original participant-specific binary seizure classification,Interictal,"Ictal, following the original reproduction terminology",Original participant-specific random segment-level split,Patient_6,Patient_6,NA,NA,NA,NA,NA,0.990667,99.0667,NA,NA,NA,NA,NA,NA,NA,NA,NA,NA,NA,0.9894660000000001,0.000422,"Only final test accuracy was verified from the saved run output. Class counts, threshold, seed, F1, AP, ROC-AUC, precision, sensitivity, specificity, and confusion-matrix counts are unavailable and are reported as NA. This is not a held-out-patient evaluation."
UPenn/Mayo participant run,UPenn/Mayo,UPENN_Patient_7_RUN_01,Patient_7,1,Original participant-specific binary seizure classification,Interictal,"Ictal, following the original reproduction terminology",Original participant-specific random segment-level split,Patient_7,Patient_7,NA,NA,NA,NA,NA,0.985244,98.5244,NA,NA,NA,NA,NA,NA,NA,NA,NA,NA,NA,0.984449,0.002512,"Only final test accuracy was verified from the saved run output. Class counts, threshold, seed, F1, AP, ROC-AUC, precision, sensitivity, specificity, and confusion-matrix counts are unavailable and are reported as NA. This is not a held-out-patient evaluation."
UPenn/Mayo participant run,UPenn/Mayo,UPENN_Patient_8_RUN_01,Patient_8,1,Original participant-specific binary seizure classification,Interictal,"Ictal, following the original reproduction terminology",Original participant-specific random segment-level split,Patient_8,Patient_8,NA,NA,NA,NA,NA,0.9915430000000001,99.1543,NA,NA,NA,NA,NA,NA,NA,NA,NA,NA,NA,0.99112,0.001337,"Only final test accuracy was verified from the saved run output. Class counts, threshold, seed, F1, AP, ROC-AUC, precision, sensitivity, specificity, and confusion-matrix counts are unavailable and are reported as NA. This is not a held-out-patient evaluation."
UPenn/Mayo participant run,UPenn/Mayo,UPENN_Dog_1_RUN_02,Dog_1,2,Original participant-specific binary seizure classification,Interictal,"Ictal, following the original reproduction terminology",Original participant-specific random segment-level split,Dog_1,Dog_1,NA,NA,NA,NA,NA,0.966443,96.6443,NA,NA,NA,NA,NA,NA,NA,NA,NA,NA,NA,0.96443,0.006367,"Only final test accuracy was verified from the saved run output. Class counts, threshold, seed, F1, AP, ROC-AUC, precision, sensitivity, specificity, and confusion-matrix counts are unavailable and are reported as NA. This is not a held-out-patient evaluation."
UPenn/Mayo participant run,UPenn/Mayo,UPENN_Dog_2_RUN_02,Dog_2,2,Original participant-specific binary seizure classification,Interictal,"Ictal, following the original reproduction terminology",Original participant-specific random segment-level split,Dog_2,Dog_2,NA,NA,NA,NA,NA,0.9848480000000001,98.4848,NA,NA,NA,NA,NA,NA,NA,NA,NA,NA,NA,0.9824240000000001,0.007665999999999999,"Only final test accuracy was verified from the saved run output. Class counts, threshold, seed, F1, AP, ROC-AUC, precision, sensitivity, specificity, and confusion-matrix counts are unavailable and are reported as NA. This is not a held-out-patient evaluation."
UPenn/Mayo participant run,UPenn/Mayo,UPENN_Dog_3_RUN_02,Dog_3,2,Original participant-specific binary seizure classification,Interictal,"Ictal, following the original reproduction terminology",Original participant-specific random segment-level split,Dog_3,Dog_3,NA,NA,NA,NA,NA,0.98626,98.626,NA,NA,NA,NA,NA,NA,NA,NA,NA,NA,NA,0.986871,0.001931,"Only final test accuracy was verified from the saved run output. Class counts, threshold, seed, F1, AP, ROC-AUC, precision, sensitivity, specificity, and confusion-matrix counts are unavailable and are reported as NA. This is not a held-out-patient evaluation."
UPenn/Mayo participant run,UPenn/Mayo,UPENN_Dog_4_RUN_02,Dog_4,2,Original participant-specific binary seizure classification,Interictal,"Ictal, following the original reproduction terminology",Original participant-specific random segment-level split,Dog_4,Dog_4,NA,NA,NA,NA,NA,0.9829399999999999,98.294,NA,NA,NA,NA,NA,NA,NA,NA,NA,NA,NA,0.983596,0.002075,"Only final test accuracy was verified from the saved run output. Class counts, threshold, seed, F1, AP, ROC-AUC, precision, sensitivity, specificity, and confusion-matrix counts are unavailable and are reported as NA. This is not a held-out-patient evaluation."
UPenn/Mayo participant run,UPenn/Mayo,UPENN_Patient_1_RUN_02,Patient_1,2,Original participant-specific binary seizure classification,Interictal,"Ictal, following the original reproduction terminology",Original participant-specific random segment-level split,Patient_1,Patient_1,NA,NA,NA,NA,NA,0.590909,59.0909,NA,NA,NA,NA,NA,NA,NA,NA,NA,NA,NA,0.590909,0.0,"Only final test accuracy was verified from the saved run output. Class counts, threshold, seed, F1, AP, ROC-AUC, precision, sensitivity, specificity, and confusion-matrix counts are unavailable and are reported as NA. This is not a held-out-patient evaluation."
UPenn/Mayo participant run,UPenn/Mayo,UPENN_Patient_2_RUN_02,Patient_2,2,Original participant-specific binary seizure classification,Interictal,"Ictal, following the original reproduction terminology",Original participant-specific random segment-level split,Patient_2,Patient_2,NA,NA,NA,NA,NA,0.996183,99.6183,NA,NA,NA,NA,NA,NA,NA,NA,NA,NA,NA,0.995929,0.000804,"Only final test accuracy was verified from the saved run output. Class counts, threshold, seed, F1, AP, ROC-AUC, precision, sensitivity, specificity, and confusion-matrix counts are unavailable and are reported as NA. This is not a held-out-patient evaluation."
UPenn/Mayo participant run,UPenn/Mayo,UPENN_Patient_3_RUN_02,Patient_3,2,Original participant-specific binary seizure classification,Interictal,"Ictal, following the original reproduction terminology",Original participant-specific random segment-level split,Patient_3,Patient_3,NA,NA,NA,NA,NA,0.8735630000000001,87.3563,NA,NA,NA,NA,NA,NA,NA,NA,NA,NA,NA,0.910345,0.019386,"Only final test accuracy was verified from the saved run output. Class counts, threshold, seed, F1, AP, ROC-AUC, precision, sensitivity, specificity, and confusion-matrix counts are unavailable and are reported as NA. This is not a held-out-patient evaluation."
UPenn/Mayo participant run,UPenn/Mayo,UPENN_Patient_4_RUN_02,Patient_4,2,Original participant-specific binary seizure classification,Interictal,"Ictal, following the original reproduction terminology",Original participant-specific random segment-level split,Patient_4,Patient_4,NA,NA,NA,NA,NA,0.8867919999999999,88.6792,NA,NA,NA,NA,NA,NA,NA,NA,NA,NA,NA,0.871698,0.007955,"Only final test accuracy was verified from the saved run output. Class counts, threshold, seed, F1, AP, ROC-AUC, precision, sensitivity, specificity, and confusion-matrix counts are unavailable and are reported as NA. This is not a held-out-patient evaluation."
UPenn/Mayo participant run,UPenn/Mayo,UPENN_Patient_5_RUN_02,Patient_5,2,Original participant-specific binary seizure classification,Interictal,"Ictal, following the original reproduction terminology",Original participant-specific random segment-level split,Patient_5,Patient_5,NA,NA,NA,NA,NA,0.982533,98.2533,NA,NA,NA,NA,NA,NA,NA,NA,NA,NA,NA,0.9790389999999999,0.0018410000000000002,"Only final test accuracy was verified from the saved run output. Class counts, threshold, seed, F1, AP, ROC-AUC, precision, sensitivity, specificity, and confusion-matrix counts are unavailable and are reported as NA. This is not a held-out-patient evaluation."
UPenn/Mayo participant run,UPenn/Mayo,UPENN_Patient_6_RUN_02,Patient_6,2,Original participant-specific binary seizure classification,Interictal,"Ictal, following the original reproduction terminology",Original participant-specific random segment-level split,Patient_6,Patient_6,NA,NA,NA,NA,NA,0.989333,98.9333,NA,NA,NA,NA,NA,NA,NA,NA,NA,NA,NA,0.9894660000000001,0.000422,"Only final test accuracy was verified from the saved run output. Class counts, threshold, seed, F1, AP, ROC-AUC, precision, sensitivity, specificity, and confusion-matrix counts are unavailable and are reported as NA. This is not a held-out-patient evaluation."
UPenn/Mayo participant run,UPenn/Mayo,UPENN_Patient_7_RUN_02,Patient_7,2,Original participant-specific binary seizure classification,Interictal,"Ictal, following the original reproduction terminology",Original participant-specific random segment-level split,Patient_7,Patient_7,NA,NA,NA,NA,NA,0.985244,98.5244,NA,NA,NA,NA,NA,NA,NA,NA,NA,NA,NA,0.984449,0.002512,"Only final test accuracy was verified from the saved run output. Class counts, threshold, seed, F1, AP, ROC-AUC, precision, sensitivity, specificity, and confusion-matrix counts are unavailable and are reported as NA. This is not a held-out-patient evaluation."
UPenn/Mayo participant run,UPenn/Mayo,UPENN_Patient_8_RUN_02,Patient_8,2,Original participant-specific binary seizure classification,Interictal,"Ictal, following the original reproduction terminology",Original participant-specific random segment-level split,Patient_8,Patient_8,NA,NA,NA,NA,NA,0.9915430000000001,99.1543,NA,NA,NA,NA,NA,NA,NA,NA,NA,NA,NA,0.99112,0.001337,"Only final test accuracy was verified from the saved run output. Class counts, threshold, seed, F1, AP, ROC-AUC, precision, sensitivity, specificity, and confusion-matrix counts are unavailable and are reported as NA. This is not a held-out-patient evaluation."
UPenn/Mayo participant run,UPenn/Mayo,UPENN_Dog_1_RUN_03,Dog_1,3,Original participant-specific binary seizure classification,Interictal,"Ictal, following the original reproduction terminology",Original participant-specific random segment-level split,Dog_1,Dog_1,NA,NA,NA,NA,NA,0.966443,96.6443,NA,NA,NA,NA,NA,NA,NA,NA,NA,NA,NA,0.96443,0.006367,"Only final test accuracy was verified from the saved run output. Class counts, threshold, seed, F1, AP, ROC-AUC, precision, sensitivity, specificity, and confusion-matrix counts are unavailable and are reported as NA. This is not a held-out-patient evaluation."
UPenn/Mayo participant run,UPenn/Mayo,UPENN_Dog_2_RUN_03,Dog_2,3,Original participant-specific binary seizure classification,Interictal,"Ictal, following the original reproduction terminology",Original participant-specific random segment-level split,Dog_2,Dog_2,NA,NA,NA,NA,NA,0.9848480000000001,98.4848,NA,NA,NA,NA,NA,NA,NA,NA,NA,NA,NA,0.9824240000000001,0.007665999999999999,"Only final test accuracy was verified from the saved run output. Class counts, threshold, seed, F1, AP, ROC-AUC, precision, sensitivity, specificity, and confusion-matrix counts are unavailable and are reported as NA. This is not a held-out-patient evaluation."
UPenn/Mayo participant run,UPenn/Mayo,UPENN_Dog_3_RUN_03,Dog_3,3,Original participant-specific binary seizure classification,Interictal,"Ictal, following the original reproduction terminology",Original participant-specific random segment-level split,Dog_3,Dog_3,NA,NA,NA,NA,NA,0.98626,98.626,NA,NA,NA,NA,NA,NA,NA,NA,NA,NA,NA,0.986871,0.001931,"Only final test accuracy was verified from the saved run output. Class counts, threshold, seed, F1, AP, ROC-AUC, precision, sensitivity, specificity, and confusion-matrix counts are unavailable and are reported as NA. This is not a held-out-patient evaluation."
UPenn/Mayo participant run,UPenn/Mayo,UPENN_Dog_4_RUN_03,Dog_4,3,Original participant-specific binary seizure classification,Interictal,"Ictal, following the original reproduction terminology",Original participant-specific random segment-level split,Dog_4,Dog_4,NA,NA,NA,NA,NA,0.9829399999999999,98.294,NA,NA,NA,NA,NA,NA,NA,NA,NA,NA,NA,0.983596,0.002075,"Only final test accuracy was verified from the saved run output. Class counts, threshold, seed, F1, AP, ROC-AUC, precision, sensitivity, specificity, and confusion-matrix counts are unavailable and are reported as NA. This is not a held-out-patient evaluation."
UPenn/Mayo participant run,UPenn/Mayo,UPENN_Patient_1_RUN_03,Patient_1,3,Original participant-specific binary seizure classification,Interictal,"Ictal, following the original reproduction terminology",Original participant-specific random segment-level split,Patient_1,Patient_1,NA,NA,NA,NA,NA,0.590909,59.0909,NA,NA,NA,NA,NA,NA,NA,NA,NA,NA,NA,0.590909,0.0,"Only final test accuracy was verified from the saved run output. Class counts, threshold, seed, F1, AP, ROC-AUC, precision, sensitivity, specificity, and confusion-matrix counts are unavailable and are reported as NA. This is not a held-out-patient evaluation."
UPenn/Mayo participant run,UPenn/Mayo,UPENN_Patient_2_RUN_03,Patient_2,3,Original participant-specific binary seizure classification,Interictal,"Ictal, following the original reproduction terminology",Original participant-specific random segment-level split,Patient_2,Patient_2,NA,NA,NA,NA,NA,0.996183,99.6183,NA,NA,NA,NA,NA,NA,NA,NA,NA,NA,NA,0.995929,0.000804,"Only final test accuracy was verified from the saved run output. Class counts, threshold, seed, F1, AP, ROC-AUC, precision, sensitivity, specificity, and confusion-matrix counts are unavailable and are reported as NA. This is not a held-out-patient evaluation."
UPenn/Mayo participant run,UPenn/Mayo,UPENN_Patient_3_RUN_03,Patient_3,3,Original participant-specific binary seizure classification,Interictal,"Ictal, following the original reproduction terminology",Original participant-specific random segment-level split,Patient_3,Patient_3,NA,NA,NA,NA,NA,0.9195399999999999,91.954,NA,NA,NA,NA,NA,NA,NA,NA,NA,NA,NA,0.910345,0.019386,"Only final test accuracy was verified from the saved run output. Class counts, threshold, seed, F1, AP, ROC-AUC, precision, sensitivity, specificity, and confusion-matrix counts are unavailable and are reported as NA. This is not a held-out-patient evaluation."
UPenn/Mayo participant run,UPenn/Mayo,UPENN_Patient_4_RUN_03,Patient_4,3,Original participant-specific binary seizure classification,Interictal,"Ictal, following the original reproduction terminology",Original participant-specific random segment-level split,Patient_4,Patient_4,NA,NA,NA,NA,NA,0.8679250000000001,86.7925,NA,NA,NA,NA,NA,NA,NA,NA,NA,NA,NA,0.871698,0.007955,"Only final test accuracy was verified from the saved run output. Class counts, threshold, seed, F1, AP, ROC-AUC, precision, sensitivity, specificity, and confusion-matrix counts are unavailable and are reported as NA. This is not a held-out-patient evaluation."
UPenn/Mayo participant run,UPenn/Mayo,UPENN_Patient_5_RUN_03,Patient_5,3,Original participant-specific binary seizure classification,Interictal,"Ictal, following the original reproduction terminology",Original participant-specific random segment-level split,Patient_5,Patient_5,NA,NA,NA,NA,NA,0.978166,97.8166,NA,NA,NA,NA,NA,NA,NA,NA,NA,NA,NA,0.9790389999999999,0.0018410000000000002,"Only final test accuracy was verified from the saved run output. Class counts, threshold, seed, F1, AP, ROC-AUC, precision, sensitivity, specificity, and confusion-matrix counts are unavailable and are reported as NA. This is not a held-out-patient evaluation."
UPenn/Mayo participant run,UPenn/Mayo,UPENN_Patient_6_RUN_03,Patient_6,3,Original participant-specific binary seizure classification,Interictal,"Ictal, following the original reproduction terminology",Original participant-specific random segment-level split,Patient_6,Patient_6,NA,NA,NA,NA,NA,0.989333,98.9333,NA,NA,NA,NA,NA,NA,NA,NA,NA,NA,NA,0.9894660000000001,0.000422,"Only final test accuracy was verified from the saved run output. Class counts, threshold, seed, F1, AP, ROC-AUC, precision, sensitivity, specificity, and confusion-matrix counts are unavailable and are reported as NA. This is not a held-out-patient evaluation."
UPenn/Mayo participant run,UPenn/Mayo,UPENN_Patient_7_RUN_03,Patient_7,3,Original participant-specific binary seizure classification,Interictal,"Ictal, following the original reproduction terminology",Original participant-specific random segment-level split,Patient_7,Patient_7,NA,NA,NA,NA,NA,0.985244,98.5244,NA,NA,NA,NA,NA,NA,NA,NA,NA,NA,NA,0.984449,0.002512,"Only final test accuracy was verified from the saved run output. Class counts, threshold, seed, F1, AP, ROC-AUC, precision, sensitivity, specificity, and confusion-matrix counts are unavailable and are reported as NA. This is not a held-out-patient evaluation."
UPenn/Mayo participant run,UPenn/Mayo,UPENN_Patient_8_RUN_03,Patient_8,3,Original participant-specific binary seizure classification,Interictal,"Ictal, following the original reproduction terminology",Original participant-specific random segment-level split,Patient_8,Patient_8,NA,NA,NA,NA,NA,0.9915430000000001,99.1543,NA,NA,NA,NA,NA,NA,NA,NA,NA,NA,NA,0.99112,0.001337,"Only final test accuracy was verified from the saved run output. Class counts, threshold, seed, F1, AP, ROC-AUC, precision, sensitivity, specificity, and confusion-matrix counts are unavailable and are reported as NA. This is not a held-out-patient evaluation."
UPenn/Mayo participant run,UPenn/Mayo,UPENN_Dog_1_RUN_04,Dog_1,4,Original participant-specific binary seizure classification,Interictal,"Ictal, following the original reproduction terminology",Original participant-specific random segment-level split,Dog_1,Dog_1,NA,NA,NA,NA,NA,0.966443,96.6443,NA,NA,NA,NA,NA,NA,NA,NA,NA,NA,NA,0.96443,0.006367,"Only final test accuracy was verified from the saved run output. Class counts, threshold, seed, F1, AP, ROC-AUC, precision, sensitivity, specificity, and confusion-matrix counts are unavailable and are reported as NA. This is not a held-out-patient evaluation."
UPenn/Mayo participant run,UPenn/Mayo,UPENN_Dog_2_RUN_04,Dog_2,4,Original participant-specific binary seizure classification,Interictal,"Ictal, following the original reproduction terminology",Original participant-specific random segment-level split,Dog_2,Dog_2,NA,NA,NA,NA,NA,0.9848480000000001,98.4848,NA,NA,NA,NA,NA,NA,NA,NA,NA,NA,NA,0.9824240000000001,0.007665999999999999,"Only final test accuracy was verified from the saved run output. Class counts, threshold, seed, F1, AP, ROC-AUC, precision, sensitivity, specificity, and confusion-matrix counts are unavailable and are reported as NA. This is not a held-out-patient evaluation."
UPenn/Mayo participant run,UPenn/Mayo,UPENN_Dog_3_RUN_04,Dog_3,4,Original participant-specific binary seizure classification,Interictal,"Ictal, following the original reproduction terminology",Original participant-specific random segment-level split,Dog_3,Dog_3,NA,NA,NA,NA,NA,0.98626,98.626,NA,NA,NA,NA,NA,NA,NA,NA,NA,NA,NA,0.986871,0.001931,"Only final test accuracy was verified from the saved run output. Class counts, threshold, seed, F1, AP, ROC-AUC, precision, sensitivity, specificity, and confusion-matrix counts are unavailable and are reported as NA. This is not a held-out-patient evaluation."
UPenn/Mayo participant run,UPenn/Mayo,UPENN_Dog_4_RUN_04,Dog_4,4,Original participant-specific binary seizure classification,Interictal,"Ictal, following the original reproduction terminology",Original participant-specific random segment-level split,Dog_4,Dog_4,NA,NA,NA,NA,NA,0.9829399999999999,98.294,NA,NA,NA,NA,NA,NA,NA,NA,NA,NA,NA,0.983596,0.002075,"Only final test accuracy was verified from the saved run output. Class counts, threshold, seed, F1, AP, ROC-AUC, precision, sensitivity, specificity, and confusion-matrix counts are unavailable and are reported as NA. This is not a held-out-patient evaluation."
UPenn/Mayo participant run,UPenn/Mayo,UPENN_Patient_1_RUN_04,Patient_1,4,Original participant-specific binary seizure classification,Interictal,"Ictal, following the original reproduction terminology",Original participant-specific random segment-level split,Patient_1,Patient_1,NA,NA,NA,NA,NA,0.590909,59.0909,NA,NA,NA,NA,NA,NA,NA,NA,NA,NA,NA,0.590909,0.0,"Only final test accuracy was verified from the saved run output. Class counts, threshold, seed, F1, AP, ROC-AUC, precision, sensitivity, specificity, and confusion-matrix counts are unavailable and are reported as NA. This is not a held-out-patient evaluation."
UPenn/Mayo participant run,UPenn/Mayo,UPENN_Patient_2_RUN_04,Patient_2,4,Original participant-specific binary seizure classification,Interictal,"Ictal, following the original reproduction terminology",Original participant-specific random segment-level split,Patient_2,Patient_2,NA,NA,NA,NA,NA,0.996183,99.6183,NA,NA,NA,NA,NA,NA,NA,NA,NA,NA,NA,0.995929,0.000804,"Only final test accuracy was verified from the saved run output. Class counts, threshold, seed, F1, AP, ROC-AUC, precision, sensitivity, specificity, and confusion-matrix counts are unavailable and are reported as NA. This is not a held-out-patient evaluation."
UPenn/Mayo participant run,UPenn/Mayo,UPENN_Patient_3_RUN_04,Patient_3,4,Original participant-specific binary seizure classification,Interictal,"Ictal, following the original reproduction terminology",Original participant-specific random segment-level split,Patient_3,Patient_3,NA,NA,NA,NA,NA,0.9195399999999999,91.954,NA,NA,NA,NA,NA,NA,NA,NA,NA,NA,NA,0.910345,0.019386,"Only final test accuracy was verified from the saved run output. Class counts, threshold, seed, F1, AP, ROC-AUC, precision, sensitivity, specificity, and confusion-matrix counts are unavailable and are reported as NA. This is not a held-out-patient evaluation."
UPenn/Mayo participant run,UPenn/Mayo,UPENN_Patient_4_RUN_04,Patient_4,4,Original participant-specific binary seizure classification,Interictal,"Ictal, following the original reproduction terminology",Original participant-specific random segment-level split,Patient_4,Patient_4,NA,NA,NA,NA,NA,0.8679250000000001,86.7925,NA,NA,NA,NA,NA,NA,NA,NA,NA,NA,NA,0.871698,0.007955,"Only final test accuracy was verified from the saved run output. Class counts, threshold, seed, F1, AP, ROC-AUC, precision, sensitivity, specificity, and confusion-matrix counts are unavailable and are reported as NA. This is not a held-out-patient evaluation."
UPenn/Mayo participant run,UPenn/Mayo,UPENN_Patient_5_RUN_04,Patient_5,4,Original participant-specific binary seizure classification,Interictal,"Ictal, following the original reproduction terminology",Original participant-specific random segment-level split,Patient_5,Patient_5,NA,NA,NA,NA,NA,0.978166,97.8166,NA,NA,NA,NA,NA,NA,NA,NA,NA,NA,NA,0.9790389999999999,0.0018410000000000002,"Only final test accuracy was verified from the saved run output. Class counts, threshold, seed, F1, AP, ROC-AUC, precision, sensitivity, specificity, and confusion-matrix counts are unavailable and are reported as NA. This is not a held-out-patient evaluation."
UPenn/Mayo participant run,UPenn/Mayo,UPENN_Patient_6_RUN_04,Patient_6,4,Original participant-specific binary seizure classification,Interictal,"Ictal, following the original reproduction terminology",Original participant-specific random segment-level split,Patient_6,Patient_6,NA,NA,NA,NA,NA,0.989333,98.9333,NA,NA,NA,NA,NA,NA,NA,NA,NA,NA,NA,0.9894660000000001,0.000422,"Only final test accuracy was verified from the saved run output. Class counts, threshold, seed, F1, AP, ROC-AUC, precision, sensitivity, specificity, and confusion-matrix counts are unavailable and are reported as NA. This is not a held-out-patient evaluation."
UPenn/Mayo participant run,UPenn/Mayo,UPENN_Patient_7_RUN_04,Patient_7,4,Original participant-specific binary seizure classification,Interictal,"Ictal, following the original reproduction terminology",Original participant-specific random segment-level split,Patient_7,Patient_7,NA,NA,NA,NA,NA,0.985244,98.5244,NA,NA,NA,NA,NA,NA,NA,NA,NA,NA,NA,0.984449,0.002512,"Only final test accuracy was verified from the saved run output. Class counts, threshold, seed, F1, AP, ROC-AUC, precision, sensitivity, specificity, and confusion-matrix counts are unavailable and are reported as NA. This is not a held-out-patient evaluation."
UPenn/Mayo participant run,UPenn/Mayo,UPENN_Patient_8_RUN_04,Patient_8,4,Original participant-specific binary seizure classification,Interictal,"Ictal, following the original reproduction terminology",Original participant-specific random segment-level split,Patient_8,Patient_8,NA,NA,NA,NA,NA,0.9915430000000001,99.1543,NA,NA,NA,NA,NA,NA,NA,NA,NA,NA,NA,0.99112,0.001337,"Only final test accuracy was verified from the saved run output. Class counts, threshold, seed, F1, AP, ROC-AUC, precision, sensitivity, specificity, and confusion-matrix counts are unavailable and are reported as NA. This is not a held-out-patient evaluation."
UPenn/Mayo participant run,UPenn/Mayo,UPENN_Dog_1_RUN_05,Dog_1,5,Original participant-specific binary seizure classification,Interictal,"Ictal, following the original reproduction terminology",Original participant-specific random segment-level split,Dog_1,Dog_1,NA,NA,NA,NA,NA,0.966443,96.6443,NA,NA,NA,NA,NA,NA,NA,NA,NA,NA,NA,0.96443,0.006367,"Only final test accuracy was verified from the saved run output. Class counts, threshold, seed, F1, AP, ROC-AUC, precision, sensitivity, specificity, and confusion-matrix counts are unavailable and are reported as NA. This is not a held-out-patient evaluation."
UPenn/Mayo participant run,UPenn/Mayo,UPENN_Dog_2_RUN_05,Dog_2,5,Original participant-specific binary seizure classification,Interictal,"Ictal, following the original reproduction terminology",Original participant-specific random segment-level split,Dog_2,Dog_2,NA,NA,NA,NA,NA,0.9848480000000001,98.4848,NA,NA,NA,NA,NA,NA,NA,NA,NA,NA,NA,0.9824240000000001,0.007665999999999999,"Only final test accuracy was verified from the saved run output. Class counts, threshold, seed, F1, AP, ROC-AUC, precision, sensitivity, specificity, and confusion-matrix counts are unavailable and are reported as NA. This is not a held-out-patient evaluation."
UPenn/Mayo participant run,UPenn/Mayo,UPENN_Dog_3_RUN_05,Dog_3,5,Original participant-specific binary seizure classification,Interictal,"Ictal, following the original reproduction terminology",Original participant-specific random segment-level split,Dog_3,Dog_3,NA,NA,NA,NA,NA,0.98626,98.626,NA,NA,NA,NA,NA,NA,NA,NA,NA,NA,NA,0.986871,0.001931,"Only final test accuracy was verified from the saved run output. Class counts, threshold, seed, F1, AP, ROC-AUC, precision, sensitivity, specificity, and confusion-matrix counts are unavailable and are reported as NA. This is not a held-out-patient evaluation."
UPenn/Mayo participant run,UPenn/Mayo,UPENN_Dog_4_RUN_05,Dog_4,5,Original participant-specific binary seizure classification,Interictal,"Ictal, following the original reproduction terminology",Original participant-specific random segment-level split,Dog_4,Dog_4,NA,NA,NA,NA,NA,0.9829399999999999,98.294,NA,NA,NA,NA,NA,NA,NA,NA,NA,NA,NA,0.983596,0.002075,"Only final test accuracy was verified from the saved run output. Class counts, threshold, seed, F1, AP, ROC-AUC, precision, sensitivity, specificity, and confusion-matrix counts are unavailable and are reported as NA. This is not a held-out-patient evaluation."
UPenn/Mayo participant run,UPenn/Mayo,UPENN_Patient_1_RUN_05,Patient_1,5,Original participant-specific binary seizure classification,Interictal,"Ictal, following the original reproduction terminology",Original participant-specific random segment-level split,Patient_1,Patient_1,NA,NA,NA,NA,NA,0.590909,59.0909,NA,NA,NA,NA,NA,NA,NA,NA,NA,NA,NA,0.590909,0.0,"Only final test accuracy was verified from the saved run output. Class counts, threshold, seed, F1, AP, ROC-AUC, precision, sensitivity, specificity, and confusion-matrix counts are unavailable and are reported as NA. This is not a held-out-patient evaluation."
UPenn/Mayo participant run,UPenn/Mayo,UPENN_Patient_2_RUN_05,Patient_2,5,Original participant-specific binary seizure classification,Interictal,"Ictal, following the original reproduction terminology",Original participant-specific random segment-level split,Patient_2,Patient_2,NA,NA,NA,NA,NA,0.996183,99.6183,NA,NA,NA,NA,NA,NA,NA,NA,NA,NA,NA,0.995929,0.000804,"Only final test accuracy was verified from the saved run output. Class counts, threshold, seed, F1, AP, ROC-AUC, precision, sensitivity, specificity, and confusion-matrix counts are unavailable and are reported as NA. This is not a held-out-patient evaluation."
UPenn/Mayo participant run,UPenn/Mayo,UPENN_Patient_3_RUN_05,Patient_3,5,Original participant-specific binary seizure classification,Interictal,"Ictal, following the original reproduction terminology",Original participant-specific random segment-level split,Patient_3,Patient_3,NA,NA,NA,NA,NA,0.9195399999999999,91.954,NA,NA,NA,NA,NA,NA,NA,NA,NA,NA,NA,0.910345,0.019386,"Only final test accuracy was verified from the saved run output. Class counts, threshold, seed, F1, AP, ROC-AUC, precision, sensitivity, specificity, and confusion-matrix counts are unavailable and are reported as NA. This is not a held-out-patient evaluation."
UPenn/Mayo participant run,UPenn/Mayo,UPENN_Patient_4_RUN_05,Patient_4,5,Original participant-specific binary seizure classification,Interictal,"Ictal, following the original reproduction terminology",Original participant-specific random segment-level split,Patient_4,Patient_4,NA,NA,NA,NA,NA,0.8679250000000001,86.7925,NA,NA,NA,NA,NA,NA,NA,NA,NA,NA,NA,0.871698,0.007955,"Only final test accuracy was verified from the saved run output. Class counts, threshold, seed, F1, AP, ROC-AUC, precision, sensitivity, specificity, and confusion-matrix counts are unavailable and are reported as NA. This is not a held-out-patient evaluation."
UPenn/Mayo participant run,UPenn/Mayo,UPENN_Patient_5_RUN_05,Patient_5,5,Original participant-specific binary seizure classification,Interictal,"Ictal, following the original reproduction terminology",Original participant-specific random segment-level split,Patient_5,Patient_5,NA,NA,NA,NA,NA,0.978166,97.8166,NA,NA,NA,NA,NA,NA,NA,NA,NA,NA,NA,0.9790389999999999,0.0018410000000000002,"Only final test accuracy was verified from the saved run output. Class counts, threshold, seed, F1, AP, ROC-AUC, precision, sensitivity, specificity, and confusion-matrix counts are unavailable and are reported as NA. This is not a held-out-patient evaluation."
UPenn/Mayo participant run,UPenn/Mayo,UPENN_Patient_6_RUN_05,Patient_6,5,Original participant-specific binary seizure classification,Interictal,"Ictal, following the original reproduction terminology",Original participant-specific random segment-level split,Patient_6,Patient_6,NA,NA,NA,NA,NA,0.989333,98.9333,NA,NA,NA,NA,NA,NA,NA,NA,NA,NA,NA,0.9894660000000001,0.000422,"Only final test accuracy was verified from the saved run output. Class counts, threshold, seed, F1, AP, ROC-AUC, precision, sensitivity, specificity, and confusion-matrix counts are unavailable and are reported as NA. This is not a held-out-patient evaluation."
UPenn/Mayo participant run,UPenn/Mayo,UPENN_Patient_7_RUN_05,Patient_7,5,Original participant-specific binary seizure classification,Interictal,"Ictal, following the original reproduction terminology",Original participant-specific random segment-level split,Patient_7,Patient_7,NA,NA,NA,NA,NA,0.985244,98.5244,NA,NA,NA,NA,NA,NA,NA,NA,NA,NA,NA,0.984449,0.002512,"Only final test accuracy was verified from the saved run output. Class counts, threshold, seed, F1, AP, ROC-AUC, precision, sensitivity, specificity, and confusion-matrix counts are unavailable and are reported as NA. This is not a held-out-patient evaluation."
UPenn/Mayo participant run,UPenn/Mayo,UPENN_Patient_8_RUN_05,Patient_8,5,Original participant-specific binary seizure classification,Interictal,"Ictal, following the original reproduction terminology",Original participant-specific random segment-level split,Patient_8,Patient_8,NA,NA,NA,NA,NA,0.9915430000000001,99.1543,NA,NA,NA,NA,NA,NA,NA,NA,NA,NA,NA,0.99112,0.001337,"Only final test accuracy was verified from the saved run output. Class counts, threshold, seed, F1, AP, ROC-AUC, precision, sensitivity, specificity, and confusion-matrix counts are unavailable and are reported as NA. This is not a held-out-patient evaluation."
UPenn/Mayo participant run,UPenn/Mayo,UPENN_Dog_1_RUN_06,Dog_1,6,Original participant-specific binary seizure classification,Interictal,"Ictal, following the original reproduction terminology",Original participant-specific random segment-level split,Dog_1,Dog_1,NA,NA,NA,NA,NA,0.966443,96.6443,NA,NA,NA,NA,NA,NA,NA,NA,NA,NA,NA,0.96443,0.006367,"Only final test accuracy was verified from the saved run output. Class counts, threshold, seed, F1, AP, ROC-AUC, precision, sensitivity, specificity, and confusion-matrix counts are unavailable and are reported as NA. This is not a held-out-patient evaluation."
UPenn/Mayo participant run,UPenn/Mayo,UPENN_Dog_2_RUN_06,Dog_2,6,Original participant-specific binary seizure classification,Interictal,"Ictal, following the original reproduction terminology",Original participant-specific random segment-level split,Dog_2,Dog_2,NA,NA,NA,NA,NA,0.9848480000000001,98.4848,NA,NA,NA,NA,NA,NA,NA,NA,NA,NA,NA,0.9824240000000001,0.007665999999999999,"Only final test accuracy was verified from the saved run output. Class counts, threshold, seed, F1, AP, ROC-AUC, precision, sensitivity, specificity, and confusion-matrix counts are unavailable and are reported as NA. This is not a held-out-patient evaluation."
UPenn/Mayo participant run,UPenn/Mayo,UPENN_Dog_3_RUN_06,Dog_3,6,Original participant-specific binary seizure classification,Interictal,"Ictal, following the original reproduction terminology",Original participant-specific random segment-level split,Dog_3,Dog_3,NA,NA,NA,NA,NA,0.98626,98.626,NA,NA,NA,NA,NA,NA,NA,NA,NA,NA,NA,0.986871,0.001931,"Only final test accuracy was verified from the saved run output. Class counts, threshold, seed, F1, AP, ROC-AUC, precision, sensitivity, specificity, and confusion-matrix counts are unavailable and are reported as NA. This is not a held-out-patient evaluation."
UPenn/Mayo participant run,UPenn/Mayo,UPENN_Dog_4_RUN_06,Dog_4,6,Original participant-specific binary seizure classification,Interictal,"Ictal, following the original reproduction terminology",Original participant-specific random segment-level split,Dog_4,Dog_4,NA,NA,NA,NA,NA,0.9829399999999999,98.294,NA,NA,NA,NA,NA,NA,NA,NA,NA,NA,NA,0.983596,0.002075,"Only final test accuracy was verified from the saved run output. Class counts, threshold, seed, F1, AP, ROC-AUC, precision, sensitivity, specificity, and confusion-matrix counts are unavailable and are reported as NA. This is not a held-out-patient evaluation."
UPenn/Mayo participant run,UPenn/Mayo,UPENN_Patient_1_RUN_06,Patient_1,6,Original participant-specific binary seizure classification,Interictal,"Ictal, following the original reproduction terminology",Original participant-specific random segment-level split,Patient_1,Patient_1,NA,NA,NA,NA,NA,0.590909,59.0909,NA,NA,NA,NA,NA,NA,NA,NA,NA,NA,NA,0.590909,0.0,"Only final test accuracy was verified from the saved run output. Class counts, threshold, seed, F1, AP, ROC-AUC, precision, sensitivity, specificity, and confusion-matrix counts are unavailable and are reported as NA. This is not a held-out-patient evaluation."
UPenn/Mayo participant run,UPenn/Mayo,UPENN_Patient_2_RUN_06,Patient_2,6,Original participant-specific binary seizure classification,Interictal,"Ictal, following the original reproduction terminology",Original participant-specific random segment-level split,Patient_2,Patient_2,NA,NA,NA,NA,NA,0.996183,99.6183,NA,NA,NA,NA,NA,NA,NA,NA,NA,NA,NA,0.995929,0.000804,"Only final test accuracy was verified from the saved run output. Class counts, threshold, seed, F1, AP, ROC-AUC, precision, sensitivity, specificity, and confusion-matrix counts are unavailable and are reported as NA. This is not a held-out-patient evaluation."
UPenn/Mayo participant run,UPenn/Mayo,UPENN_Patient_3_RUN_06,Patient_3,6,Original participant-specific binary seizure classification,Interictal,"Ictal, following the original reproduction terminology",Original participant-specific random segment-level split,Patient_3,Patient_3,NA,NA,NA,NA,NA,0.9195399999999999,91.954,NA,NA,NA,NA,NA,NA,NA,NA,NA,NA,NA,0.910345,0.019386,"Only final test accuracy was verified from the saved run output. Class counts, threshold, seed, F1, AP, ROC-AUC, precision, sensitivity, specificity, and confusion-matrix counts are unavailable and are reported as NA. This is not a held-out-patient evaluation."
UPenn/Mayo participant run,UPenn/Mayo,UPENN_Patient_4_RUN_06,Patient_4,6,Original participant-specific binary seizure classification,Interictal,"Ictal, following the original reproduction terminology",Original participant-specific random segment-level split,Patient_4,Patient_4,NA,NA,NA,NA,NA,0.8679250000000001,86.7925,NA,NA,NA,NA,NA,NA,NA,NA,NA,NA,NA,0.871698,0.007955,"Only final test accuracy was verified from the saved run output. Class counts, threshold, seed, F1, AP, ROC-AUC, precision, sensitivity, specificity, and confusion-matrix counts are unavailable and are reported as NA. This is not a held-out-patient evaluation."
UPenn/Mayo participant run,UPenn/Mayo,UPENN_Patient_5_RUN_06,Patient_5,6,Original participant-specific binary seizure classification,Interictal,"Ictal, following the original reproduction terminology",Original participant-specific random segment-level split,Patient_5,Patient_5,NA,NA,NA,NA,NA,0.978166,97.8166,NA,NA,NA,NA,NA,NA,NA,NA,NA,NA,NA,0.9790389999999999,0.0018410000000000002,"Only final test accuracy was verified from the saved run output. Class counts, threshold, seed, F1, AP, ROC-AUC, precision, sensitivity, specificity, and confusion-matrix counts are unavailable and are reported as NA. This is not a held-out-patient evaluation."
UPenn/Mayo participant run,UPenn/Mayo,UPENN_Patient_6_RUN_06,Patient_6,6,Original participant-specific binary seizure classification,Interictal,"Ictal, following the original reproduction terminology",Original participant-specific random segment-level split,Patient_6,Patient_6,NA,NA,NA,NA,NA,0.989333,98.9333,NA,NA,NA,NA,NA,NA,NA,NA,NA,NA,NA,0.9894660000000001,0.000422,"Only final test accuracy was verified from the saved run output. Class counts, threshold, seed, F1, AP, ROC-AUC, precision, sensitivity, specificity, and confusion-matrix counts are unavailable and are reported as NA. This is not a held-out-patient evaluation."
UPenn/Mayo participant run,UPenn/Mayo,UPENN_Patient_7_RUN_06,Patient_7,6,Original participant-specific binary seizure classification,Interictal,"Ictal, following the original reproduction terminology",Original participant-specific random segment-level split,Patient_7,Patient_7,NA,NA,NA,NA,NA,0.985244,98.5244,NA,NA,NA,NA,NA,NA,NA,NA,NA,NA,NA,0.984449,0.002512,"Only final test accuracy was verified from the saved run output. Class counts, threshold, seed, F1, AP, ROC-AUC, precision, sensitivity, specificity, and confusion-matrix counts are unavailable and are reported as NA. This is not a held-out-patient evaluation."
UPenn/Mayo participant run,UPenn/Mayo,UPENN_Patient_8_RUN_06,Patient_8,6,Original participant-specific binary seizure classification,Interictal,"Ictal, following the original reproduction terminology",Original participant-specific random segment-level split,Patient_8,Patient_8,NA,NA,NA,NA,NA,0.9915430000000001,99.1543,NA,NA,NA,NA,NA,NA,NA,NA,NA,NA,NA,0.99112,0.001337,"Only final test accuracy was verified from the saved run output. Class counts, threshold, seed, F1, AP, ROC-AUC, precision, sensitivity, specificity, and confusion-matrix counts are unavailable and are reported as NA. This is not a held-out-patient evaluation."
UPenn/Mayo participant run,UPenn/Mayo,UPENN_Dog_1_RUN_07,Dog_1,7,Original participant-specific binary seizure classification,Interictal,"Ictal, following the original reproduction terminology",Original participant-specific random segment-level split,Dog_1,Dog_1,NA,NA,NA,NA,NA,0.966443,96.6443,NA,NA,NA,NA,NA,NA,NA,NA,NA,NA,NA,0.96443,0.006367,"Only final test accuracy was verified from the saved run output. Class counts, threshold, seed, F1, AP, ROC-AUC, precision, sensitivity, specificity, and confusion-matrix counts are unavailable and are reported as NA. This is not a held-out-patient evaluation."
UPenn/Mayo participant run,UPenn/Mayo,UPENN_Dog_2_RUN_07,Dog_2,7,Original participant-specific binary seizure classification,Interictal,"Ictal, following the original reproduction terminology",Original participant-specific random segment-level split,Dog_2,Dog_2,NA,NA,NA,NA,NA,0.9848480000000001,98.4848,NA,NA,NA,NA,NA,NA,NA,NA,NA,NA,NA,0.9824240000000001,0.007665999999999999,"Only final test accuracy was verified from the saved run output. Class counts, threshold, seed, F1, AP, ROC-AUC, precision, sensitivity, specificity, and confusion-matrix counts are unavailable and are reported as NA. This is not a held-out-patient evaluation."
UPenn/Mayo participant run,UPenn/Mayo,UPENN_Dog_3_RUN_07,Dog_3,7,Original participant-specific binary seizure classification,Interictal,"Ictal, following the original reproduction terminology",Original participant-specific random segment-level split,Dog_3,Dog_3,NA,NA,NA,NA,NA,0.98626,98.626,NA,NA,NA,NA,NA,NA,NA,NA,NA,NA,NA,0.986871,0.001931,"Only final test accuracy was verified from the saved run output. Class counts, threshold, seed, F1, AP, ROC-AUC, precision, sensitivity, specificity, and confusion-matrix counts are unavailable and are reported as NA. This is not a held-out-patient evaluation."
UPenn/Mayo participant run,UPenn/Mayo,UPENN_Dog_4_RUN_07,Dog_4,7,Original participant-specific binary seizure classification,Interictal,"Ictal, following the original reproduction terminology",Original participant-specific random segment-level split,Dog_4,Dog_4,NA,NA,NA,NA,NA,0.9829399999999999,98.294,NA,NA,NA,NA,NA,NA,NA,NA,NA,NA,NA,0.983596,0.002075,"Only final test accuracy was verified from the saved run output. Class counts, threshold, seed, F1, AP, ROC-AUC, precision, sensitivity, specificity, and confusion-matrix counts are unavailable and are reported as NA. This is not a held-out-patient evaluation."
UPenn/Mayo participant run,UPenn/Mayo,UPENN_Patient_1_RUN_07,Patient_1,7,Original participant-specific binary seizure classification,Interictal,"Ictal, following the original reproduction terminology",Original participant-specific random segment-level split,Patient_1,Patient_1,NA,NA,NA,NA,NA,0.590909,59.0909,NA,NA,NA,NA,NA,NA,NA,NA,NA,NA,NA,0.590909,0.0,"Only final test accuracy was verified from the saved run output. Class counts, threshold, seed, F1, AP, ROC-AUC, precision, sensitivity, specificity, and confusion-matrix counts are unavailable and are reported as NA. This is not a held-out-patient evaluation."
UPenn/Mayo participant run,UPenn/Mayo,UPENN_Patient_2_RUN_07,Patient_2,7,Original participant-specific binary seizure classification,Interictal,"Ictal, following the original reproduction terminology",Original participant-specific random segment-level split,Patient_2,Patient_2,NA,NA,NA,NA,NA,0.996183,99.6183,NA,NA,NA,NA,NA,NA,NA,NA,NA,NA,NA,0.995929,0.000804,"Only final test accuracy was verified from the saved run output. Class counts, threshold, seed, F1, AP, ROC-AUC, precision, sensitivity, specificity, and confusion-matrix counts are unavailable and are reported as NA. This is not a held-out-patient evaluation."
UPenn/Mayo participant run,UPenn/Mayo,UPENN_Patient_3_RUN_07,Patient_3,7,Original participant-specific binary seizure classification,Interictal,"Ictal, following the original reproduction terminology",Original participant-specific random segment-level split,Patient_3,Patient_3,NA,NA,NA,NA,NA,0.9195399999999999,91.954,NA,NA,NA,NA,NA,NA,NA,NA,NA,NA,NA,0.910345,0.019386,"Only final test accuracy was verified from the saved run output. Class counts, threshold, seed, F1, AP, ROC-AUC, precision, sensitivity, specificity, and confusion-matrix counts are unavailable and are reported as NA. This is not a held-out-patient evaluation."
UPenn/Mayo participant run,UPenn/Mayo,UPENN_Patient_4_RUN_07,Patient_4,7,Original participant-specific binary seizure classification,Interictal,"Ictal, following the original reproduction terminology",Original participant-specific random segment-level split,Patient_4,Patient_4,NA,NA,NA,NA,NA,0.8679250000000001,86.7925,NA,NA,NA,NA,NA,NA,NA,NA,NA,NA,NA,0.871698,0.007955,"Only final test accuracy was verified from the saved run output. Class counts, threshold, seed, F1, AP, ROC-AUC, precision, sensitivity, specificity, and confusion-matrix counts are unavailable and are reported as NA. This is not a held-out-patient evaluation."
UPenn/Mayo participant run,UPenn/Mayo,UPENN_Patient_5_RUN_07,Patient_5,7,Original participant-specific binary seizure classification,Interictal,"Ictal, following the original reproduction terminology",Original participant-specific random segment-level split,Patient_5,Patient_5,NA,NA,NA,NA,NA,0.978166,97.8166,NA,NA,NA,NA,NA,NA,NA,NA,NA,NA,NA,0.9790389999999999,0.0018410000000000002,"Only final test accuracy was verified from the saved run output. Class counts, threshold, seed, F1, AP, ROC-AUC, precision, sensitivity, specificity, and confusion-matrix counts are unavailable and are reported as NA. This is not a held-out-patient evaluation."
UPenn/Mayo participant run,UPenn/Mayo,UPENN_Patient_6_RUN_07,Patient_6,7,Original participant-specific binary seizure classification,Interictal,"Ictal, following the original reproduction terminology",Original participant-specific random segment-level split,Patient_6,Patient_6,NA,NA,NA,NA,NA,0.989333,98.9333,NA,NA,NA,NA,NA,NA,NA,NA,NA,NA,NA,0.9894660000000001,0.000422,"Only final test accuracy was verified from the saved run output. Class counts, threshold, seed, F1, AP, ROC-AUC, precision, sensitivity, specificity, and confusion-matrix counts are unavailable and are reported as NA. This is not a held-out-patient evaluation."
UPenn/Mayo participant run,UPenn/Mayo,UPENN_Patient_7_RUN_07,Patient_7,7,Original participant-specific binary seizure classification,Interictal,"Ictal, following the original reproduction terminology",Original participant-specific random segment-level split,Patient_7,Patient_7,NA,NA,NA,NA,NA,0.985244,98.5244,NA,NA,NA,NA,NA,NA,NA,NA,NA,NA,NA,0.984449,0.002512,"Only final test accuracy was verified from the saved run output. Class counts, threshold, seed, F1, AP, ROC-AUC, precision, sensitivity, specificity, and confusion-matrix counts are unavailable and are reported as NA. This is not a held-out-patient evaluation."
UPenn/Mayo participant run,UPenn/Mayo,UPENN_Patient_8_RUN_07,Patient_8,7,Original participant-specific binary seizure classification,Interictal,"Ictal, following the original reproduction terminology",Original participant-specific random segment-level split,Patient_8,Patient_8,NA,NA,NA,NA,NA,0.9915430000000001,99.1543,NA,NA,NA,NA,NA,NA,NA,NA,NA,NA,NA,0.99112,0.001337,"Only final test accuracy was verified from the saved run output. Class counts, threshold, seed, F1, AP, ROC-AUC, precision, sensitivity, specificity, and confusion-matrix counts are unavailable and are reported as NA. This is not a held-out-patient evaluation."
UPenn/Mayo participant run,UPenn/Mayo,UPENN_Dog_1_RUN_08,Dog_1,8,Original participant-specific binary seizure classification,Interictal,"Ictal, following the original reproduction terminology",Original participant-specific random segment-level split,Dog_1,Dog_1,NA,NA,NA,NA,NA,0.966443,96.6443,NA,NA,NA,NA,NA,NA,NA,NA,NA,NA,NA,0.96443,0.006367,"Only final test accuracy was verified from the saved run output. Class counts, threshold, seed, F1, AP, ROC-AUC, precision, sensitivity, specificity, and confusion-matrix counts are unavailable and are reported as NA. This is not a held-out-patient evaluation."
UPenn/Mayo participant run,UPenn/Mayo,UPENN_Dog_2_RUN_08,Dog_2,8,Original participant-specific binary seizure classification,Interictal,"Ictal, following the original reproduction terminology",Original participant-specific random segment-level split,Dog_2,Dog_2,NA,NA,NA,NA,NA,0.9848480000000001,98.4848,NA,NA,NA,NA,NA,NA,NA,NA,NA,NA,NA,0.9824240000000001,0.007665999999999999,"Only final test accuracy was verified from the saved run output. Class counts, threshold, seed, F1, AP, ROC-AUC, precision, sensitivity, specificity, and confusion-matrix counts are unavailable and are reported as NA. This is not a held-out-patient evaluation."
UPenn/Mayo participant run,UPenn/Mayo,UPENN_Dog_3_RUN_08,Dog_3,8,Original participant-specific binary seizure classification,Interictal,"Ictal, following the original reproduction terminology",Original participant-specific random segment-level split,Dog_3,Dog_3,NA,NA,NA,NA,NA,0.98626,98.626,NA,NA,NA,NA,NA,NA,NA,NA,NA,NA,NA,0.986871,0.001931,"Only final test accuracy was verified from the saved run output. Class counts, threshold, seed, F1, AP, ROC-AUC, precision, sensitivity, specificity, and confusion-matrix counts are unavailable and are reported as NA. This is not a held-out-patient evaluation."
UPenn/Mayo participant run,UPenn/Mayo,UPENN_Dog_4_RUN_08,Dog_4,8,Original participant-specific binary seizure classification,Interictal,"Ictal, following the original reproduction terminology",Original participant-specific random segment-level split,Dog_4,Dog_4,NA,NA,NA,NA,NA,0.9829399999999999,98.294,NA,NA,NA,NA,NA,NA,NA,NA,NA,NA,NA,0.983596,0.002075,"Only final test accuracy was verified from the saved run output. Class counts, threshold, seed, F1, AP, ROC-AUC, precision, sensitivity, specificity, and confusion-matrix counts are unavailable and are reported as NA. This is not a held-out-patient evaluation."
UPenn/Mayo participant run,UPenn/Mayo,UPENN_Patient_1_RUN_08,Patient_1,8,Original participant-specific binary seizure classification,Interictal,"Ictal, following the original reproduction terminology",Original participant-specific random segment-level split,Patient_1,Patient_1,NA,NA,NA,NA,NA,0.590909,59.0909,NA,NA,NA,NA,NA,NA,NA,NA,NA,NA,NA,0.590909,0.0,"Only final test accuracy was verified from the saved run output. Class counts, threshold, seed, F1, AP, ROC-AUC, precision, sensitivity, specificity, and confusion-matrix counts are unavailable and are reported as NA. This is not a held-out-patient evaluation."
UPenn/Mayo participant run,UPenn/Mayo,UPENN_Patient_2_RUN_08,Patient_2,8,Original participant-specific binary seizure classification,Interictal,"Ictal, following the original reproduction terminology",Original participant-specific random segment-level split,Patient_2,Patient_2,NA,NA,NA,NA,NA,0.996183,99.6183,NA,NA,NA,NA,NA,NA,NA,NA,NA,NA,NA,0.995929,0.000804,"Only final test accuracy was verified from the saved run output. Class counts, threshold, seed, F1, AP, ROC-AUC, precision, sensitivity, specificity, and confusion-matrix counts are unavailable and are reported as NA. This is not a held-out-patient evaluation."
UPenn/Mayo participant run,UPenn/Mayo,UPENN_Patient_3_RUN_08,Patient_3,8,Original participant-specific binary seizure classification,Interictal,"Ictal, following the original reproduction terminology",Original participant-specific random segment-level split,Patient_3,Patient_3,NA,NA,NA,NA,NA,0.9195399999999999,91.954,NA,NA,NA,NA,NA,NA,NA,NA,NA,NA,NA,0.910345,0.019386,"Only final test accuracy was verified from the saved run output. Class counts, threshold, seed, F1, AP, ROC-AUC, precision, sensitivity, specificity, and confusion-matrix counts are unavailable and are reported as NA. This is not a held-out-patient evaluation."
UPenn/Mayo participant run,UPenn/Mayo,UPENN_Patient_4_RUN_08,Patient_4,8,Original participant-specific binary seizure classification,Interictal,"Ictal, following the original reproduction terminology",Original participant-specific random segment-level split,Patient_4,Patient_4,NA,NA,NA,NA,NA,0.8679250000000001,86.7925,NA,NA,NA,NA,NA,NA,NA,NA,NA,NA,NA,0.871698,0.007955,"Only final test accuracy was verified from the saved run output. Class counts, threshold, seed, F1, AP, ROC-AUC, precision, sensitivity, specificity, and confusion-matrix counts are unavailable and are reported as NA. This is not a held-out-patient evaluation."
UPenn/Mayo participant run,UPenn/Mayo,UPENN_Patient_5_RUN_08,Patient_5,8,Original participant-specific binary seizure classification,Interictal,"Ictal, following the original reproduction terminology",Original participant-specific random segment-level split,Patient_5,Patient_5,NA,NA,NA,NA,NA,0.978166,97.8166,NA,NA,NA,NA,NA,NA,NA,NA,NA,NA,NA,0.9790389999999999,0.0018410000000000002,"Only final test accuracy was verified from the saved run output. Class counts, threshold, seed, F1, AP, ROC-AUC, precision, sensitivity, specificity, and confusion-matrix counts are unavailable and are reported as NA. This is not a held-out-patient evaluation."
UPenn/Mayo participant run,UPenn/Mayo,UPENN_Patient_6_RUN_08,Patient_6,8,Original participant-specific binary seizure classification,Interictal,"Ictal, following the original reproduction terminology",Original participant-specific random segment-level split,Patient_6,Patient_6,NA,NA,NA,NA,NA,0.989333,98.9333,NA,NA,NA,NA,NA,NA,NA,NA,NA,NA,NA,0.9894660000000001,0.000422,"Only final test accuracy was verified from the saved run output. Class counts, threshold, seed, F1, AP, ROC-AUC, precision, sensitivity, specificity, and confusion-matrix counts are unavailable and are reported as NA. This is not a held-out-patient evaluation."
UPenn/Mayo participant run,UPenn/Mayo,UPENN_Patient_7_RUN_08,Patient_7,8,Original participant-specific binary seizure classification,Interictal,"Ictal, following the original reproduction terminology",Original participant-specific random segment-level split,Patient_7,Patient_7,NA,NA,NA,NA,NA,0.985244,98.5244,NA,NA,NA,NA,NA,NA,NA,NA,NA,NA,NA,0.984449,0.002512,"Only final test accuracy was verified from the saved run output. Class counts, threshold, seed, F1, AP, ROC-AUC, precision, sensitivity, specificity, and confusion-matrix counts are unavailable and are reported as NA. This is not a held-out-patient evaluation."
UPenn/Mayo participant run,UPenn/Mayo,UPENN_Patient_8_RUN_08,Patient_8,8,Original participant-specific binary seizure classification,Interictal,"Ictal, following the original reproduction terminology",Original participant-specific random segment-level split,Patient_8,Patient_8,NA,NA,NA,NA,NA,0.9915430000000001,99.1543,NA,NA,NA,NA,NA,NA,NA,NA,NA,NA,NA,0.99112,0.001337,"Only final test accuracy was verified from the saved run output. Class counts, threshold, seed, F1, AP, ROC-AUC, precision, sensitivity, specificity, and confusion-matrix counts are unavailable and are reported as NA. This is not a held-out-patient evaluation."
UPenn/Mayo participant run,UPenn/Mayo,UPENN_Dog_1_RUN_09,Dog_1,9,Original participant-specific binary seizure classification,Interictal,"Ictal, following the original reproduction terminology",Original participant-specific random segment-level split,Dog_1,Dog_1,NA,NA,NA,NA,NA,0.966443,96.6443,NA,NA,NA,NA,NA,NA,NA,NA,NA,NA,NA,0.96443,0.006367,"Only final test accuracy was verified from the saved run output. Class counts, threshold, seed, F1, AP, ROC-AUC, precision, sensitivity, specificity, and confusion-matrix counts are unavailable and are reported as NA. This is not a held-out-patient evaluation."
UPenn/Mayo participant run,UPenn/Mayo,UPENN_Dog_2_RUN_09,Dog_2,9,Original participant-specific binary seizure classification,Interictal,"Ictal, following the original reproduction terminology",Original participant-specific random segment-level split,Dog_2,Dog_2,NA,NA,NA,NA,NA,0.9848480000000001,98.4848,NA,NA,NA,NA,NA,NA,NA,NA,NA,NA,NA,0.9824240000000001,0.007665999999999999,"Only final test accuracy was verified from the saved run output. Class counts, threshold, seed, F1, AP, ROC-AUC, precision, sensitivity, specificity, and confusion-matrix counts are unavailable and are reported as NA. This is not a held-out-patient evaluation."
UPenn/Mayo participant run,UPenn/Mayo,UPENN_Dog_3_RUN_09,Dog_3,9,Original participant-specific binary seizure classification,Interictal,"Ictal, following the original reproduction terminology",Original participant-specific random segment-level split,Dog_3,Dog_3,NA,NA,NA,NA,NA,0.98626,98.626,NA,NA,NA,NA,NA,NA,NA,NA,NA,NA,NA,0.986871,0.001931,"Only final test accuracy was verified from the saved run output. Class counts, threshold, seed, F1, AP, ROC-AUC, precision, sensitivity, specificity, and confusion-matrix counts are unavailable and are reported as NA. This is not a held-out-patient evaluation."
UPenn/Mayo participant run,UPenn/Mayo,UPENN_Dog_4_RUN_09,Dog_4,9,Original participant-specific binary seizure classification,Interictal,"Ictal, following the original reproduction terminology",Original participant-specific random segment-level split,Dog_4,Dog_4,NA,NA,NA,NA,NA,0.9829399999999999,98.294,NA,NA,NA,NA,NA,NA,NA,NA,NA,NA,NA,0.983596,0.002075,"Only final test accuracy was verified from the saved run output. Class counts, threshold, seed, F1, AP, ROC-AUC, precision, sensitivity, specificity, and confusion-matrix counts are unavailable and are reported as NA. This is not a held-out-patient evaluation."
UPenn/Mayo participant run,UPenn/Mayo,UPENN_Patient_1_RUN_09,Patient_1,9,Original participant-specific binary seizure classification,Interictal,"Ictal, following the original reproduction terminology",Original participant-specific random segment-level split,Patient_1,Patient_1,NA,NA,NA,NA,NA,0.590909,59.0909,NA,NA,NA,NA,NA,NA,NA,NA,NA,NA,NA,0.590909,0.0,"Only final test accuracy was verified from the saved run output. Class counts, threshold, seed, F1, AP, ROC-AUC, precision, sensitivity, specificity, and confusion-matrix counts are unavailable and are reported as NA. This is not a held-out-patient evaluation."
UPenn/Mayo participant run,UPenn/Mayo,UPENN_Patient_2_RUN_09,Patient_2,9,Original participant-specific binary seizure classification,Interictal,"Ictal, following the original reproduction terminology",Original participant-specific random segment-level split,Patient_2,Patient_2,NA,NA,NA,NA,NA,0.996183,99.6183,NA,NA,NA,NA,NA,NA,NA,NA,NA,NA,NA,0.995929,0.000804,"Only final test accuracy was verified from the saved run output. Class counts, threshold, seed, F1, AP, ROC-AUC, precision, sensitivity, specificity, and confusion-matrix counts are unavailable and are reported as NA. This is not a held-out-patient evaluation."
UPenn/Mayo participant run,UPenn/Mayo,UPENN_Patient_3_RUN_09,Patient_3,9,Original participant-specific binary seizure classification,Interictal,"Ictal, following the original reproduction terminology",Original participant-specific random segment-level split,Patient_3,Patient_3,NA,NA,NA,NA,NA,0.9195399999999999,91.954,NA,NA,NA,NA,NA,NA,NA,NA,NA,NA,NA,0.910345,0.019386,"Only final test accuracy was verified from the saved run output. Class counts, threshold, seed, F1, AP, ROC-AUC, precision, sensitivity, specificity, and confusion-matrix counts are unavailable and are reported as NA. This is not a held-out-patient evaluation."
UPenn/Mayo participant run,UPenn/Mayo,UPENN_Patient_4_RUN_09,Patient_4,9,Original participant-specific binary seizure classification,Interictal,"Ictal, following the original reproduction terminology",Original participant-specific random segment-level split,Patient_4,Patient_4,NA,NA,NA,NA,NA,0.8679250000000001,86.7925,NA,NA,NA,NA,NA,NA,NA,NA,NA,NA,NA,0.871698,0.007955,"Only final test accuracy was verified from the saved run output. Class counts, threshold, seed, F1, AP, ROC-AUC, precision, sensitivity, specificity, and confusion-matrix counts are unavailable and are reported as NA. This is not a held-out-patient evaluation."
UPenn/Mayo participant run,UPenn/Mayo,UPENN_Patient_5_RUN_09,Patient_5,9,Original participant-specific binary seizure classification,Interictal,"Ictal, following the original reproduction terminology",Original participant-specific random segment-level split,Patient_5,Patient_5,NA,NA,NA,NA,NA,0.978166,97.8166,NA,NA,NA,NA,NA,NA,NA,NA,NA,NA,NA,0.9790389999999999,0.0018410000000000002,"Only final test accuracy was verified from the saved run output. Class counts, threshold, seed, F1, AP, ROC-AUC, precision, sensitivity, specificity, and confusion-matrix counts are unavailable and are reported as NA. This is not a held-out-patient evaluation."
UPenn/Mayo participant run,UPenn/Mayo,UPENN_Patient_6_RUN_09,Patient_6,9,Original participant-specific binary seizure classification,Interictal,"Ictal, following the original reproduction terminology",Original participant-specific random segment-level split,Patient_6,Patient_6,NA,NA,NA,NA,NA,0.989333,98.9333,NA,NA,NA,NA,NA,NA,NA,NA,NA,NA,NA,0.9894660000000001,0.000422,"Only final test accuracy was verified from the saved run output. Class counts, threshold, seed, F1, AP, ROC-AUC, precision, sensitivity, specificity, and confusion-matrix counts are unavailable and are reported as NA. This is not a held-out-patient evaluation."
UPenn/Mayo participant run,UPenn/Mayo,UPENN_Patient_7_RUN_09,Patient_7,9,Original participant-specific binary seizure classification,Interictal,"Ictal, following the original reproduction terminology",Original participant-specific random segment-level split,Patient_7,Patient_7,NA,NA,NA,NA,NA,0.985244,98.5244,NA,NA,NA,NA,NA,NA,NA,NA,NA,NA,NA,0.984449,0.002512,"Only final test accuracy was verified from the saved run output. Class counts, threshold, seed, F1, AP, ROC-AUC, precision, sensitivity, specificity, and confusion-matrix counts are unavailable and are reported as NA. This is not a held-out-patient evaluation."
UPenn/Mayo participant run,UPenn/Mayo,UPENN_Patient_8_RUN_09,Patient_8,9,Original participant-specific binary seizure classification,Interictal,"Ictal, following the original reproduction terminology",Original participant-specific random segment-level split,Patient_8,Patient_8,NA,NA,NA,NA,NA,0.9915430000000001,99.1543,NA,NA,NA,NA,NA,NA,NA,NA,NA,NA,NA,0.99112,0.001337,"Only final test accuracy was verified from the saved run output. Class counts, threshold, seed, F1, AP, ROC-AUC, precision, sensitivity, specificity, and confusion-matrix counts are unavailable and are reported as NA. This is not a held-out-patient evaluation."
UPenn/Mayo participant run,UPenn/Mayo,UPENN_Dog_1_RUN_10,Dog_1,10,Original participant-specific binary seizure classification,Interictal,"Ictal, following the original reproduction terminology",Original participant-specific random segment-level split,Dog_1,Dog_1,NA,NA,NA,NA,NA,0.966443,96.6443,NA,NA,NA,NA,NA,NA,NA,NA,NA,NA,NA,0.96443,0.006367,"Only final test accuracy was verified from the saved run output. Class counts, threshold, seed, F1, AP, ROC-AUC, precision, sensitivity, specificity, and confusion-matrix counts are unavailable and are reported as NA. This is not a held-out-patient evaluation."
UPenn/Mayo participant run,UPenn/Mayo,UPENN_Dog_2_RUN_10,Dog_2,10,Original participant-specific binary seizure classification,Interictal,"Ictal, following the original reproduction terminology",Original participant-specific random segment-level split,Dog_2,Dog_2,NA,NA,NA,NA,NA,0.9848480000000001,98.4848,NA,NA,NA,NA,NA,NA,NA,NA,NA,NA,NA,0.9824240000000001,0.007665999999999999,"Only final test accuracy was verified from the saved run output. Class counts, threshold, seed, F1, AP, ROC-AUC, precision, sensitivity, specificity, and confusion-matrix counts are unavailable and are reported as NA. This is not a held-out-patient evaluation."
UPenn/Mayo participant run,UPenn/Mayo,UPENN_Dog_3_RUN_10,Dog_3,10,Original participant-specific binary seizure classification,Interictal,"Ictal, following the original reproduction terminology",Original participant-specific random segment-level split,Dog_3,Dog_3,NA,NA,NA,NA,NA,0.98626,98.626,NA,NA,NA,NA,NA,NA,NA,NA,NA,NA,NA,0.986871,0.001931,"Only final test accuracy was verified from the saved run output. Class counts, threshold, seed, F1, AP, ROC-AUC, precision, sensitivity, specificity, and confusion-matrix counts are unavailable and are reported as NA. This is not a held-out-patient evaluation."
UPenn/Mayo participant run,UPenn/Mayo,UPENN_Dog_4_RUN_10,Dog_4,10,Original participant-specific binary seizure classification,Interictal,"Ictal, following the original reproduction terminology",Original participant-specific random segment-level split,Dog_4,Dog_4,NA,NA,NA,NA,NA,0.9829399999999999,98.294,NA,NA,NA,NA,NA,NA,NA,NA,NA,NA,NA,0.983596,0.002075,"Only final test accuracy was verified from the saved run output. Class counts, threshold, seed, F1, AP, ROC-AUC, precision, sensitivity, specificity, and confusion-matrix counts are unavailable and are reported as NA. This is not a held-out-patient evaluation."
UPenn/Mayo participant run,UPenn/Mayo,UPENN_Patient_1_RUN_10,Patient_1,10,Original participant-specific binary seizure classification,Interictal,"Ictal, following the original reproduction terminology",Original participant-specific random segment-level split,Patient_1,Patient_1,NA,NA,NA,NA,NA,0.590909,59.0909,NA,NA,NA,NA,NA,NA,NA,NA,NA,NA,NA,0.590909,0.0,"Only final test accuracy was verified from the saved run output. Class counts, threshold, seed, F1, AP, ROC-AUC, precision, sensitivity, specificity, and confusion-matrix counts are unavailable and are reported as NA. This is not a held-out-patient evaluation."
UPenn/Mayo participant run,UPenn/Mayo,UPENN_Patient_2_RUN_10,Patient_2,10,Original participant-specific binary seizure classification,Interictal,"Ictal, following the original reproduction terminology",Original participant-specific random segment-level split,Patient_2,Patient_2,NA,NA,NA,NA,NA,0.996183,99.6183,NA,NA,NA,NA,NA,NA,NA,NA,NA,NA,NA,0.995929,0.000804,"Only final test accuracy was verified from the saved run output. Class counts, threshold, seed, F1, AP, ROC-AUC, precision, sensitivity, specificity, and confusion-matrix counts are unavailable and are reported as NA. This is not a held-out-patient evaluation."
UPenn/Mayo participant run,UPenn/Mayo,UPENN_Patient_3_RUN_10,Patient_3,10,Original participant-specific binary seizure classification,Interictal,"Ictal, following the original reproduction terminology",Original participant-specific random segment-level split,Patient_3,Patient_3,NA,NA,NA,NA,NA,0.9195399999999999,91.954,NA,NA,NA,NA,NA,NA,NA,NA,NA,NA,NA,0.910345,0.019386,"Only final test accuracy was verified from the saved run output. Class counts, threshold, seed, F1, AP, ROC-AUC, precision, sensitivity, specificity, and confusion-matrix counts are unavailable and are reported as NA. This is not a held-out-patient evaluation."
UPenn/Mayo participant run,UPenn/Mayo,UPENN_Patient_4_RUN_10,Patient_4,10,Original participant-specific binary seizure classification,Interictal,"Ictal, following the original reproduction terminology",Original participant-specific random segment-level split,Patient_4,Patient_4,NA,NA,NA,NA,NA,0.8679250000000001,86.7925,NA,NA,NA,NA,NA,NA,NA,NA,NA,NA,NA,0.871698,0.007955,"Only final test accuracy was verified from the saved run output. Class counts, threshold, seed, F1, AP, ROC-AUC, precision, sensitivity, specificity, and confusion-matrix counts are unavailable and are reported as NA. This is not a held-out-patient evaluation."
UPenn/Mayo participant run,UPenn/Mayo,UPENN_Patient_5_RUN_10,Patient_5,10,Original participant-specific binary seizure classification,Interictal,"Ictal, following the original reproduction terminology",Original participant-specific random segment-level split,Patient_5,Patient_5,NA,NA,NA,NA,NA,0.978166,97.8166,NA,NA,NA,NA,NA,NA,NA,NA,NA,NA,NA,0.9790389999999999,0.0018410000000000002,"Only final test accuracy was verified from the saved run output. Class counts, threshold, seed, F1, AP, ROC-AUC, precision, sensitivity, specificity, and confusion-matrix counts are unavailable and are reported as NA. This is not a held-out-patient evaluation."
UPenn/Mayo participant run,UPenn/Mayo,UPENN_Patient_6_RUN_10,Patient_6,10,Original participant-specific binary seizure classification,Interictal,"Ictal, following the original reproduction terminology",Original participant-specific random segment-level split,Patient_6,Patient_6,NA,NA,NA,NA,NA,0.989333,98.9333,NA,NA,NA,NA,NA,NA,NA,NA,NA,NA,NA,0.9894660000000001,0.000422,"Only final test accuracy was verified from the saved run output. Class counts, threshold, seed, F1, AP, ROC-AUC, precision, sensitivity, specificity, and confusion-matrix counts are unavailable and are reported as NA. This is not a held-out-patient evaluation."
UPenn/Mayo participant run,UPenn/Mayo,UPENN_Patient_7_RUN_10,Patient_7,10,Original participant-specific binary seizure classification,Interictal,"Ictal, following the original reproduction terminology",Original participant-specific random segment-level split,Patient_7,Patient_7,NA,NA,NA,NA,NA,0.977299,97.7299,NA,NA,NA,NA,NA,NA,NA,NA,NA,NA,NA,0.984449,0.002512,"Only final test accuracy was verified from the saved run output. Class counts, threshold, seed, F1, AP, ROC-AUC, precision, sensitivity, specificity, and confusion-matrix counts are unavailable and are reported as NA. This is not a held-out-patient evaluation."
UPenn/Mayo participant run,UPenn/Mayo,UPENN_Patient_8_RUN_10,Patient_8,10,Original participant-specific binary seizure classification,Interictal,"Ictal, following the original reproduction terminology",Original participant-specific random segment-level split,Patient_8,Patient_8,NA,NA,NA,NA,NA,0.9873149999999999,98.7315,NA,NA,NA,NA,NA,NA,NA,NA,NA,NA,NA,0.99112,0.001337,"Only final test accuracy was verified from the saved run output. Class counts, threshold, seed, F1, AP, ROC-AUC, precision, sensitivity, specificity, and confusion-matrix counts are unavailable and are reported as NA. This is not a held-out-patient evaluation."
